Year,Mean Profit,Median Profit,Standard Deviation,5th Percentile,50th Percentile,95th Percentile
2025,-9318.369333243907,-7023.794642752873,9005.696193874028,-38866.833333333336,-7023.794642752873,-4601.519229545895
2026,-949.3592482660268,-477.47990200143795,3222.9368125975816,-6349.48238684651,-477.47990200143795,3855.399288058077
2027,6970.130096759072,6715.725228835709,1939.0478734358971,3437.066706210524,6715.725228835709,10320.267629652983
2028,11177.772738398116,11270.679204338536,861.8086006477633,9563.142076474353,11270.679204338536,12246.156168840804
2029,11597.631703243502,12088.466288008727,737.1234687363726,10383.024396240857,12088.466288008727,12318.251105677446
